{"initial_reset_timestamp": 1497175164.8163605, "timestamps": [1497175166.827787, 1497175166.955549, 1497175167.958514, 1497175168.2294486, 1497175168.4622073, 1497175168.7959082, 1497175169.596993, 1497175169.897418, 1497175170.231072, 1497175170.431309, 1497175170.4813414, 1497175170.7653842, 1497175170.9818797, 1497175171.2322078, 1497175171.465812, 1497175171.7825994, 1497175172.0161734, 1497175172.3169787, 1497175172.3837726, 1497175172.666837, 1497175172.850599, 1497175173.1010938, 1497175173.317285, 1497175173.5843213, 1497175173.7344425, 1497175174.0181515, 1497175174.2352223, 1497175174.8191664, 1497175174.9693458, 1497175175.1195147, 1497175175.5034, 1497175175.670142, 1497175175.9038014, 1497175176.120893, 1497175176.38776, 1497175176.6212757, 1497175176.9884293, 1497175177.2716753, 1497175177.32204, 1497175177.6057358, 1497175177.806454, 1497175178.106022, 1497175178.3228304, 1497175178.6062453, 1497175178.8399737, 1497175179.0072067, 1497175179.2741504, 1497175179.6077294, 1497175179.7580729, 1497175179.9746366, 1497175180.192081, 1497175180.4087408, 1497175180.5086663, 1497175180.6756392, 1497175180.9259064, 1497175181.1428957, 1497175181.3431058, 1497175181.5763633, 1497175181.793514, 1497175182.0268846, 1497175182.2109535, 1497175182.528098, 1497175182.8112195, 1497175183.094943, 1497175183.2947605, 1497175183.478321, 1497175183.64528, 1497175183.895403, 1497175184.0629191, 1497175184.262879, 1497175184.362714, 1497175184.6631005, 1497175184.9802024, 1497175185.1474745, 1497175185.4972734, 1497175185.5640352, 1497175185.7477336, 1497175185.948005, 1497175185.9979982, 1497175186.1812835, 1497175186.4652975, 1497175186.7653713, 1497175187.0994515, 1497175187.349505, 1497175187.4330115, 1497175187.7164505, 1497175187.967446, 1497175188.250009, 1497175188.4002135, 1497175188.6838021, 1497175188.9841545, 1497175189.3017416, 1497175189.5350533, 1497175189.9521887, 1497175190.1691675, 1497175190.4360254, 1497175190.7195864, 1497175191.0531285, 1497175191.3369677, 1497175191.5371835, 1497175191.787294, 1497175191.82068, 1497175192.2545302, 1497175192.4217153, 1497175192.788559, 1497175192.9887826, 1497175193.2387288, 1497175193.4555395, 1497175193.7558842, 1497175193.8226123, 1497175193.956065, 1497175194.1400492, 1497175194.3570232, 1497175194.4237342, 1497175194.590579, 1497175194.740544, 1497175194.9073381, 1497175195.0909042, 1497175195.3582509, 1497175195.5085402, 1497175195.6918504, 1497175195.958456, 1497175196.2256474, 1497175196.4256456, 1497175196.5757113, 1497175197.0430574, 1497175197.3102436, 1497175197.4431994, 1497175197.7270129, 1497175197.7777436, 1497175197.86055, 1497175198.0608845, 1497175198.2940676, 1497175198.4442217, 1497175198.4775896, 1497175198.5944045, 1497175198.8614273, 1497175199.0953891, 1497175199.4458025, 1497175199.5958476, 1497175199.7458057, 1497175200.096351, 1497175200.313135, 1497175200.5968287, 1497175200.980997, 1497175201.1305826, 1497175201.230937, 1497175201.380931, 1497175201.8147817, 1497175201.9482884, 1497175202.198679, 1497175202.4656017, 1497175202.6155639, 1497175202.849232, 1497175202.9996378, 1497175203.4162712, 1497175203.6998916, 1497175203.9167237, 1497175204.2008743, 1497175204.2848897, 1497175204.46759, 1497175204.7010865, 1497175204.9016075, 1497175204.9352388, 1497175205.1683955, 1497175205.4854684, 1497175205.7027617, 1497175205.952886, 1497175206.1695678, 1497175206.402906, 1497175206.5364223, 1497175206.820163, 1497175206.9868875, 1497175207.2538483, 1497175207.5710473, 1497175207.8046188, 1497175208.021631, 1497175208.1713667, 1497175208.4549172, 1497175208.7052348, 1497175208.9891477, 1497175209.3397827, 1497175209.5229795, 1497175209.5399756, 1497175209.8566165, 1497175209.9734502, 1497175210.3571296, 1497175210.590904, 1497175210.6908412, 1497175210.7412727, 1497175211.0081244, 1497175211.3752983, 1497175211.4583347, 1497175211.6584902, 1497175211.876076, 1497175212.1259835, 1497175212.2929742, 1497175212.5263863, 1497175212.7101328, 1497175213.1933873, 1497175213.360222, 1497175213.5772467, 1497175213.6771939, 1497175213.8611217, 1497175213.927656, 1497175214.1613936, 1497175214.411608, 1497175214.4953423, 1497175214.828486, 1497175214.9791505, 1497175215.1289952, 1497175215.329448, 1497175215.529416, 1497175215.663221, 1497175215.7796896, 1497175216.046624, 1497175216.5483973, 1497175216.7475379, 1497175216.9976034, 1497175217.1991284, 1497175217.5153582, 1497175217.7653012, 1497175218.0152218, 1497175218.432302, 1497175218.5829725, 1497175218.7159915, 1497175218.7662637, 1497175218.9999495, 1497175219.1834364, 1497175219.5337982, 1497175219.667116, 1497175220.034432, 1497175220.2348228, 1497175220.5181649, 1497175220.8687096, 1497175221.1522028, 1497175226.1576033, 1497175227.8094864, 1497175232.815137, 1497175233.1316144, 1497175235.1505585, 1497175236.4524612, 1497175240.139612, 1497175245.1448176, 1497175250.149632, 1497175255.155566, 1497175260.1605856, 1497175265.1659896, 1497175268.853235, 1497175273.858955, 1497175276.3943985, 1497175276.7283418, 1497175277.5789692, 1497175279.8816044, 1497175284.8867998, 1497175289.892592, 1497175294.8976138, 1497175299.9032376, 1497175304.908685, 1497175306.109437, 1497175311.1148236, 1497175316.1204157, 1497175321.125839, 1497175326.131235, 1497175331.1363256, 1497175336.141715, 1497175341.147173, 1497175346.1522954, 1497175351.1576848, 1497175356.1627982, 1497175361.1684825, 1497175366.1734815, 1497175371.1788347, 1497175376.1844761, 1497175381.1897142, 1497175386.1953068, 1497175391.200351, 1497175396.2058897, 1497175401.2110596, 1497175406.2164335, 1497175411.222191, 1497175416.2273533, 1497175421.2323325, 1497175426.2377632, 1497175431.242895, 1497175432.5443294, 1497175437.5500884, 1497175442.5552769, 1497175447.5609303, 1497175452.565718, 1497175457.5714333, 1497175462.5759692, 1497175467.5817404, 1497175472.5866475, 1497175477.592338, 1497175482.5975227, 1497175483.1318178, 1497175488.1372452, 1497175493.1422243, 1497175498.1476588], "episode_lengths": [50, 2, 15, 18, 14, 20, 48, 18, 10, 11, 3, 17, 13, 15, 14, 19, 14, 18, 4, 17, 11, 15, 13, 16, 9, 17, 13, 17, 8, 9, 23, 10, 14, 13, 16, 14, 22, 17, 3, 17, 12, 18, 13, 17, 14, 10, 16, 20, 9, 13, 13, 13, 6, 10, 15, 13, 12, 14, 13, 14, 11, 19, 17, 17, 6, 10, 10, 15, 10, 12, 6, 18, 19, 10, 21, 4, 11, 12, 3, 11, 17, 18, 20, 15, 5, 17, 15, 17, 9, 17, 18, 19, 14, 25, 13, 16, 17, 20, 17, 12, 15, 2, 26, 10, 22, 12, 15, 13, 18, 4, 8, 11, 13, 4, 10, 9, 10, 11, 16, 9, 11, 16, 16, 12, 9, 14, 15, 8, 17, 3, 5, 12, 14, 9, 2, 7, 16, 14, 21, 9, 9, 21, 13, 17, 23, 9, 6, 9, 26, 8, 15, 16, 9, 14, 9, 25, 17, 13, 17, 5, 11, 14, 12, 2, 14, 19, 13, 15, 13, 14, 8, 17, 10, 16, 19, 14, 13, 9, 17, 15, 17, 21, 11, 1, 19, 7, 23, 14, 6, 3, 16, 22, 5, 12, 13, 15, 10, 14, 11, 29, 10, 13, 6, 11, 4, 14, 15, 5, 20, 9, 9, 12, 12, 8, 7, 16, 15, 11, 15, 12, 19, 15, 15, 25, 9, 8, 3, 14, 11, 21, 8, 22, 12, 17, 21, 17, 300, 99, 300, 19, 121, 78, 221, 300, 300, 300, 300, 300, 221, 300, 152, 20, 51, 138, 300, 300, 300, 300, 300, 72, 300, 300, 300, 300, 300, 300, 300, 300, 300, 300, 300, 300, 300, 300, 300, 300, 300, 300, 300, 300, 300, 300, 300, 300, 300, 78, 300, 300, 300, 300, 300, 300, 300, 300, 300, 300, 32, 300, 300, 300],