{"initial_reset_timestamp": 1497076274.2136273, "timestamps": [1497076278.9740384, 1497076282.782287, 1497076285.096648, 1497076287.341574, 1497076289.531091, 1497076291.8018732, 1497076293.877317, 1497076296.1554608, 1497076299.8515146, 1497076302.2117684, 1497076304.2741342, 1497076306.5934544, 1497076308.8217943, 1497076311.1672394, 1497076313.424994, 1497076315.5422506, 1497076317.954228, 1497076320.1601992, 1497076322.4926226, 1497076324.744955, 1497076327.025142, 1497076329.2976742, 1497076331.5305667, 1497076333.7884572, 1497076335.8986065, 1497076338.1827154, 1497076340.539644, 1497076344.480386, 1497076346.6218596, 1497076349.0123186, 1497076351.254446, 1497076353.4722903, 1497076355.5904102, 1497076357.7831721, 1497076360.0998313, 1497076362.2842894, 1497076364.5948992, 1497076366.8973951, 1497076369.1833682, 1497076371.4523911, 1497076373.7451925, 1497076375.958472, 1497076378.1070137, 1497076380.4663253, 1497076382.71544, 1497076385.066962, 1497076387.2796838, 1497076389.6279886, 1497076391.8492582, 1497076394.0707207, 1497076396.3833416, 1497076398.5552118, 1497076400.9114685, 1497076402.9611845, 1497076405.3168905, 1497076407.577684, 1497076409.8107882, 1497076412.1250064, 1497076414.5948603, 1497076416.9634504, 1497076419.2073328, 1497076421.5485508, 1497076423.8617957, 1497076426.165264, 1497076430.0897655, 1497076432.5983381, 1497076434.6644843, 1497076437.0466866, 1497076439.173884, 1497076441.5363472, 1497076443.7628458, 1497076445.98294, 1497076448.3232706, 1497076450.4604642, 1497076452.8276176, 1497076454.925351, 1497076457.2318852, 1497076459.4645984, 1497076461.8268867, 1497076464.0866053, 1497076466.2051709, 1497076468.5367978, 1497076470.6556997, 1497076472.9138324, 1497076475.0744457, 1497076477.2938557, 1497076479.5918314, 1497076481.9487836, 1497076484.307001, 1497076486.5498648, 1497076488.884574, 1497076491.0218105, 1497076493.3131785, 1497076495.5476716, 1497076497.7579043, 1497076500.083071, 1497076502.1641088, 1497076504.4529657, 1497076506.514657, 1497076508.8098586, 1497076510.9813344, 1497076513.1795018, 1497076515.4746237, 1497076517.6137807, 1497076519.9678197, 1497076522.0387292, 1497076524.3348732, 1497076526.5638428, 1497076528.7950335, 1497076531.216095, 1497076533.5675108, 1497076535.87929, 1497076538.1581233, 1497076540.435721, 1497076542.5512686, 1497076544.8796253, 1497076547.1224263, 1497076549.2673106, 1497076551.6135356, 1497076553.6606107, 1497076555.9873056, 1497076558.0914958, 1497076560.3929894, 1497076562.6098113, 1497076565.0872571, 1497076568.8923664, 1497076571.2496603, 1497076573.3603349, 1497076575.622551, 1497076577.835339, 1497076579.992288, 1497076582.359208, 1497076584.4378622, 1497076586.7401206, 1497076588.8248527, 1497076591.0641177, 1497076593.2936776, 1497076595.4819806, 1497076597.7979455, 1497076599.8928633, 1497076602.2036083, 1497076604.335329, 1497076606.596495, 1497076608.782445, 1497076610.929109, 1497076613.284762, 1497076615.3503847, 1497076617.6385245, 1497076619.7501688, 1497076622.0650055, 1497076624.3173275, 1497076626.4728656, 1497076628.8388088, 1497076630.9527411, 1497076633.2986832, 1497076635.376054, 1497076637.68318, 1497076639.880211, 1497076642.083234, 1497076644.3245413, 1497076646.4020772, 1497076648.7518256, 1497076650.840727, 1497076653.1267185, 1497076655.322673, 1497076657.5807827, 1497076659.9599097, 1497076662.1308613, 1497076664.4626253, 1497076666.5513, 1497076669.1985922, 1497076671.3899589, 1497076673.766981, 1497076676.0523665, 1497076678.3532414, 1497076680.6698704, 1497076682.8004124, 1497076685.1202066, 1497076687.2139146, 1497076689.5349786, 1497076691.7521164, 1497076694.0061376, 1497076696.2634482, 1497076698.4429874, 1497076700.8000033, 1497076702.9686277, 1497076705.3381653, 1497076707.504037, 1497076709.7932096, 1497076712.0726194, 1497076714.3052173, 1497076716.58276, 1497076718.719872, 1497076721.0865076, 1497076723.2794023, 1497076725.59657, 1497076727.831854, 1497076730.1610925, 1497076732.4512367, 1497076734.8179731, 1497076737.126457, 1497076739.3192267, 1497076741.6874697, 1497076743.907942, 1497076746.264681, 1497076748.446086, 1497076750.7058337, 1497076753.0416284, 1497076755.2686546, 1497076757.6117015, 1497076759.8192883, 1497076762.1728263, 1497076764.3498309, 1497076766.6816292, 1497076768.996898, 1497076771.24578, 1497076775.0524976, 1497076777.3998287, 1497076779.5904307, 1497076781.8186278, 1497076784.076936, 1497076786.3294644, 1497076788.6536753, 1497076790.7206774, 1497076793.0235584, 1497076795.1692052, 1497076797.8635328, 1497076800.0196064, 1497076802.2191987, 1497076804.4961655, 1497076806.5776212, 1497076808.9460065, 1497076811.0243797, 1497076813.2937264, 1497076815.4356446, 1497076817.6322548, 1497076819.930898, 1497076822.0788212, 1497076824.3892715, 1497076826.5810256, 1497076828.9159744, 1497076831.2027037, 1497076833.469762, 1497076835.7667956, 1497076837.913905, 1497076840.2209783, 1497076842.3084912, 1497076844.5943146, 1497076846.7823408, 1497076849.0441773, 1497076851.3656516, 1497076853.5351105, 1497076855.8914974, 1497076858.016944, 1497076860.3404438, 1497076862.506756, 1497076864.7954824, 1497076867.1487348, 1497076869.3798008, 1497076871.7027478, 1497076873.8690965, 1497076876.2225251, 1497076878.3560858, 1497076880.677987, 1497076882.7979054, 1497076885.01547, 1497076887.3564353, 1497076889.4853575, 1497076891.770601, 1497076893.9255762, 1497076896.2756593, 1497076898.484503, 1497076900.7311304, 1497076903.0787704, 1497076905.2121985, 1497076907.5332024, 1497076909.7247822, 1497076912.0400538, 1497076914.1550603, 1497076916.4438996, 1497076918.686241, 1497076920.9547465, 1497076923.2671068, 1497076925.4196138, 1497076927.7587497, 1497076929.9255905, 1497076932.287056, 1497076934.6585462, 1497076937.0287573, 1497076939.3118422, 1497076941.409272, 1497076943.8666134, 1497076946.1162858, 1497076948.5300007, 1497076951.1525822, 1497076953.3897357, 1497076955.5999537, 1497076958.3347416, 1497076960.5466607, 1497076962.7780766, 1497076965.089776, 1497076967.262171, 1497076969.580781, 1497076971.9287727, 1497076974.168497, 1497076976.5018637, 1497076978.693271, 1497076981.053147, 1497076983.312504, 1497076985.6096277, 1497076987.83473, 1497076990.0998116, 1497076992.3937602, 1497076994.5586116, 1497076996.9136977, 1497076999.0706234, 1497077001.359298, 1497077003.561925, 1497077005.820764, 1497077008.1070836, 1497077010.2830307, 1497077012.6028864, 1497077014.756469, 1497077017.0929377, 1497077019.236659, 1497077021.4847472, 1497077023.8409238, 1497077026.1089694, 1497077028.4064205, 1497077030.4977238, 1497077032.7750983, 1497077034.9590838, 1497077037.1717424, 1497077039.4529214, 1497077041.5732384, 1497077043.8709059, 1497077045.931176, 1497077048.2528245, 1497077050.4486308, 1497077052.650186, 1497077054.9513874],