{"initial_reset_timestamp": 1497074655.1419187, "timestamps": [1497074659.9033422, 1497074663.4496167, 1497074665.4393528, 1497074667.4710984, 1497074669.379341, 1497074671.3952034, 1497074673.385408, 1497074675.2964334, 1497074678.784051, 1497074680.7943473, 1497074682.8323095, 1497074684.7243176, 1497074686.778358, 1497074688.7851386, 1497074690.7376533, 1497074692.8104603, 1497074694.741686, 1497074696.7672513, 1497074698.7588985, 1497074700.6632793, 1497074702.7140381, 1497074704.66884, 1497074706.689136, 1497074708.688158, 1497074710.638431, 1497074712.6409526, 1497074714.5789738, 1497074718.0626614, 1497074719.9913971, 1497074722.0146537, 1497074724.0089157, 1497074725.8770967, 1497074727.8745432, 1497074729.7379673, 1497074731.7035038, 1497074733.6638832, 1497074735.543969, 1497074737.4368424, 1497074739.3165767, 1497074741.148541, 1497074743.04991, 1497074744.8744645, 1497074746.7069886, 1497074748.5687377, 1497074750.5243266, 1497074752.5955694, 1497074754.6069613, 1497074756.5807595, 1497074758.679347, 1497074760.4716678, 1497074762.5138829, 1497074764.4001029, 1497074766.3759518, 1497074768.352066, 1497074770.2765265, 1497074772.380127, 1497074774.4508576, 1497074776.2802393, 1497074778.443511, 1497074780.4098458, 1497074782.4289865, 1497074784.3723967, 1497074786.2010581, 1497074788.2078521, 1497074791.7066455, 1497074793.9110234, 1497074795.7829952, 1497074797.7556467, 1497074799.7635577, 1497074801.667171, 1497074803.7029085, 1497074805.5193393, 1497074807.5884118, 1497074809.6274776, 1497074811.4886382, 1497074813.63885, 1497074815.4852388, 1497074817.572387, 1497074819.678544, 1497074821.5915692, 1497074823.7264957, 1497074825.5932512, 1497074827.683221, 1497074829.7933254, 1497074831.6655629, 1497074833.8035192, 1497074835.6532617, 1497074837.723614, 1497074839.7930589, 1497074841.6632414, 1497074843.7841883, 1497074845.6553838, 1497074847.7548473, 1497074849.7962356, 1497074851.7061255, 1497074853.8794713, 1497074855.6999764, 1497074857.7706149, 1497074859.8454185, 1497074861.6856356, 1497074863.828607, 1497074865.7208645, 1497074867.7529547, 1497074869.5139563, 1497074871.2774038, 1497074873.4094832, 1497074875.4229233, 1497074877.3938985, 1497074879.5246737, 1497074881.352964, 1497074883.4309301, 1497074885.4517777, 1497074887.42926, 1497074889.527145, 1497074891.3086755, 1497074893.2654188, 1497074895.2426057, 1497074897.1308877, 1497074899.326193, 1497074901.2302322, 1497074903.3391953, 1497074905.31879, 1497074907.1578135, 1497074909.1946356, 1497074911.1705194, 1497074914.82657, 1497074916.784935, 1497074918.8145242, 1497074920.7873569, 1497074922.800941, 1497074924.9243581, 1497074926.7582717, 1497074928.8646164, 1497074930.838058, 1497074932.7995825, 1497074934.9729588, 1497074937.0447576, 1497074939.0747678, 1497074940.9853463, 1497074942.9060435, 1497074945.0405452, 1497074946.844261, 1497074948.9362168, 1497074950.9609053, 1497074952.917077, 1497074955.0209131, 1497074956.8826447, 1497074958.947748, 1497074960.968981, 1497074963.0750842, 1497074964.986403, 1497074967.1437538, 1497074969.1379685, 1497074971.151488, 1497074973.3694732, 1497074975.3180346, 1497074977.4482574, 1497074979.5568554, 1497074981.6030877, 1497074983.5239656, 1497074985.6376832, 1497074987.8482146, 1497074989.9422426, 1497074992.0476327, 1497074994.2079403, 1497074996.2382472, 1497074998.4559667, 1497075000.5434096, 1497075002.7021341, 1497075004.9373505, 1497075007.0052707, 1497075009.3376667, 1497075011.4032898, 1497075013.4797337, 1497075015.6633656, 1497075017.6680446, 1497075019.9162633, 1497075021.986444, 1497075024.147128, 1497075026.280282, 1497075028.3553507, 1497075030.655341, 1497075032.6634822, 1497075034.8478816, 1497075037.0064216, 1497075039.0558562, 1497075041.3104744, 1497075043.419572, 1497075045.592393, 1497075047.7198143, 1497075049.763338, 1497075052.018326, 1497075054.0886493, 1497075056.3653452, 1497075058.6365259, 1497075060.862189, 1497075063.0068786, 1497075065.0060937, 1497075067.2109172, 1497075069.252977, 1497075071.3992825, 1497075073.6396718, 1497075075.632664, 1497075077.8943648, 1497075079.9347615, 1497075082.0565417, 1497075084.2252357, 1497075086.224144, 1497075088.4763095, 1497075090.476928, 1497075092.6172578, 1497075094.8522334, 1497075096.8635588, 1497075099.1746652, 1497075101.283546, 1497075103.4268363, 1497075107.4721522, 1497075109.9114637, 1497075111.9527075, 1497075114.0150514, 1497075116.1386852, 1497075118.1195846, 1497075120.3827455, 1497075122.4111714, 1497075124.550846, 1497075126.6862297, 1497075128.6663516, 1497075130.86311, 1497075132.8175933, 1497075134.911703, 1497075137.0325084, 1497075139.0442681, 1497075141.2513976, 1497075143.2836835, 1497075145.4625237, 1497075147.6554227, 1497075149.57779], "episode_lengths": [200, 200, 200, 200, 200, 200, 200, 200, 200, 200, 200, 200, 200, 200, 200, 200, 200, 200, 200, 200, 200, 200, 200, 200, 200, 200, 200, 200, 200, 200, 200, 200, 200, 200, 200, 200, 200, 200, 200, 200, 200, 200, 200, 200, 200, 200, 200, 200, 200, 200, 200, 200, 200, 200, 200, 200, 200, 200, 200, 200, 200, 200, 200, 200, 200, 200, 200, 200, 200, 200, 200, 200, 200, 200, 200, 200, 200, 200, 200, 200, 200, 200, 200, 200, 200, 200, 200, 200, 200, 200, 200, 200, 200, 200, 200, 200, 200, 200, 200, 200, 200, 200, 200, 200, 200, 200, 200, 200, 200, 200, 200, 200, 200, 200, 200, 200, 200, 200, 200, 200, 200, 200, 200, 200, 200, 200, 200, 200, 200, 200, 200, 200, 200, 200, 200, 200, 200, 200, 200, 200, 200, 200, 200, 200, 200, 200, 200, 200, 200, 200, 200, 200, 200, 200, 200, 200, 200, 200, 200, 200, 200, 200, 200, 200, 200, 200, 200, 200, 200, 200, 200, 200, 200, 200, 200, 200, 200, 200, 200, 200, 200, 200, 200, 200, 200, 200, 200, 200, 200, 200, 200, 200, 200, 200, 200, 200, 200, 200, 200, 200, 200, 200, 200, 200, 200, 200, 200, 200, 200, 200, 200, 200, 200, 200, 200, 200, 200, 200, 200, 200, 200, 200, 200, 200, 200, 200, 200, 200, 200, 200, 200, 200, 200, 200, 200, 200, 200],